food_prepared_kg,food_sold_kg,food_category,day_of_week,date,surplus_kg
50,38,cooked,Friday,2026-01-02,12
40,32,cooked,Monday,2026-01-05,8
60,50,cooked,Saturday,2026-01-10,10
35,30,dairy,Tuesday,2026-01-06,5
45,20,cooked,Sunday,2026-01-11,25
30,25,bakery,Wednesday,2026-01-07,5
55,45,cooked,Friday,2026-01-09,10
25,10,raw,Sunday,2026-01-18,15
70,55,packaged,Monday,2026-01-12,15
20,18,dairy,Thursday,2026-01-08,2
65,40,cooked,Saturday,2026-01-17,25
30,28,bakery,Tuesday,2026-01-13,2
48,30,cooked,Sunday,2026-01-25,18
33,29,dairy,Wednesday,2026-01-14,4
58,48,cooked,Friday,2026-01-16,10
27,12,raw,Sunday,2026-02-01,15
72,60,packaged,Monday,2026-01-19,12
22,20,dairy,Thursday,2026-01-15,2
62,35,cooked,Saturday,2026-01-24,27
31,27,bakery,Tuesday,2026-01-20,4
50,40,cooked,Monday,2026-01-26,10
44,22,cooked,Sunday,2026-02-08,22
28,24,bakery,Wednesday,2026-01-21,4
53,42,cooked,Friday,2026-01-23,11
23,9,raw,Sunday,2026-02-15,14
68,52,packaged,Monday,2026-01-26,16
21,19,dairy,Thursday,2026-01-22,2
59,33,cooked,Saturday,2026-01-31,26
29,26,bakery,Tuesday,2026-01-27,3
46,36,cooked,Monday,2026-02-02,10
